"Job Title","Company Name","Application Link","Email","Job Type","Work Mode","Job Description","Key Responsibilities","Posted Date","Source","Location"
"Crowdfunding","NayePankh FoundationActively hiring","https://internshala.com/internship/detail/work-from-home-part-time-crowdfunding-internship-at-nayepankh-foundation1777378934","","Internship","Remote","Stipend: ₹ 1,500 - 15,000 lump sum | ","","2026-04-29","Internshala","Work from home"
"Research Editor – Comic Development","Integral SolutionActively hiring","https://internshala.com/internship/detail/work-from-home-research-editor--comic-development-internship-at-integral-solution1777369735","","Internship","Remote","Stipend: ₹ 5,000 - 7,500 /month | ","","2026-04-29","Internshala","Work from home"
"Fundraising","NayePankh FoundationActively hiring","https://internshala.com/internship/detail/work-from-home-part-time-fundraising-internship-at-nayepankh-foundation1777354782","","Internship","Remote","Stipend: ₹ 1,500 - 15,000 lump sum | ","","2026-04-29","Internshala","Work from home"
"Fundraising","Basti Ki Pathshala FoundationActively hiring","https://internshala.com/internship/detail/work-from-home-fundraising-internship-at-basti-ki-pathshala-foundation1777350919","","Internship","Remote","Stipend: ₹ 1,500 - 15,000 lump sum | ","","2026-04-29","Internshala","Work from home"
"1 Week Virtual Charity (Fundraising Drive)","NayePankh FoundationActively hiring","https://internshala.com/internship/detail/work-from-home-1-week-virtual-charity-fundraising-drive-internship-at-nayepankh-foundation1777352598","","Internship","Remote","Stipend: ₹ 1,500 - 15,000 lump sum | ","","2026-04-29","Internshala","Work from home"
"Technical Content Writer","INSYBLE TECH PRIVATE LIMITEDActively hiring","https://internshala.com/internship/detail/work-from-home-part-time-technical-content-writer-internship-at-insyble-tech-private-limited1777352398","","Internship","Remote","Stipend: ₹ 3,500 - 10,000 /month | ","","2026-04-29","Internshala","Work from home"
"Social Work","NayePankh FoundationActively hiring","https://internshala.com/internship/detail/work-from-home-social-work-internship-at-nayepankh-foundation1777352457","","Internship","Remote","Stipend: ₹ 1,500 - 15,000 lump sum | ","","2026-04-29","Internshala","Work from home"
"Community Influencing","Basti Ki Pathshala FoundationActively hiring","https://internshala.com/internship/detail/work-from-home-part-time-community-influencing-internship-at-basti-ki-pathshala-foundation1777351966","","Internship","Remote","Stipend: ₹ 1,500 - 15,000 lump sum | ","","2026-04-29","Internshala","Work from home"
"Social Impact","NayePankh FoundationActively hiring","https://internshala.com/internship/detail/work-from-home-social-impact-internship-at-nayepankh-foundation1777370174","","Internship","Remote","Stipend: ₹ 1,500 - 15,000 lump sum | ","","2026-04-29","Internshala","Work from home"
"Sales and Outreach","Basti Ki Pathshala FoundationActively hiring","https://internshala.com/internship/detail/work-from-home-sales-and-outreach-internship-at-basti-ki-pathshala-foundation1777350980","","Internship","Remote","Stipend: ₹ 1,500 - 15,000 lump sum | ","","2026-04-29","Internshala","Work from home"
"Sales and Marketing","Angel One (AP)Actively hiring","https://internshala.com/internship/detail/work-from-home-sales-and-marketing-internship-at-angel-one-ap1777116280","","Internship","Remote","Stipend: ₹ 2,000 - 20,000 /month | ","","2026-04-29","Internshala","Work from home"
"Training Facilitator – Investment Banking","Institute Of Digital RiskActively hiring","https://internshala.com/internship/detail/work-from-home-training-facilitator--investment-banking-internship-at-institute-of-digital-risk1777024319","","Internship","Remote","Stipend: ₹ 15,000 - 25,000 /month | ","","2026-04-29","Internshala","Work from home"
"Sales","Angel One (AP)Actively hiring","https://internshala.com/internship/detail/work-from-home-part-time-sales-internship-at-angel-one-ap1776935730","","Internship","Remote","Stipend: ₹ 2,000 - 20,000 /month | ","","2026-04-29","Internshala","Work from home"
"Business Development (Sales)","Angel One (AP)Actively hiring","https://internshala.com/internship/detail/work-from-home-business-development-sales-internship-at-angel-one-ap1776935256","","Internship","Remote","Stipend: ₹ 2,000 - 20,000 /month | ","","2026-04-29","Internshala","Work from home"
"Inside Sales","Angel One (AP)Actively hiring","https://internshala.com/internship/detail/work-from-home-inside-sales-internship-at-angel-one-ap1776930891","","Internship","Remote","Stipend: ₹ 2,000 - 20,000 /month | ","","2026-04-29","Internshala","Work from home"
"Digital Marketing – LinkedIn Marketing","Institute Of Digital RiskActively hiring","https://internshala.com/internship/detail/work-from-home-digital-marketing--linkedin-marketing-internship-at-institute-of-digital-risk1776855367","","Internship","Remote","Stipend: ₹ 15,000 - 20,000 /month | ","","2026-04-29","Internshala","Work from home"
"Product Design","Moydi, Incorporation","https://internshala.com/internship/detail/work-from-home-part-time-product-design-internship-at-moydi-incorporation1777439641","","Internship","Remote","Stipend: ₹ 15,000 - 40,000 /month | ","","2026-04-29","Internshala","Work from home"
"Social Media Marketing","Nofi","https://internshala.com/internship/detail/work-from-home-social-media-marketing-internship-at-nofi1777397808","","Internship","Remote","Stipend: ₹ 5,000 /month | ","","2026-04-29","Internshala","Work from home"
"Business Development (Sales)","QuAi Security Labs","https://internshala.com/internship/detail/work-from-home-part-time-business-development-sales-internship-at-quai-security-labs1777375023","","Internship","Remote","Stipend: ₹ 10,000 - 20,000 /month | ","","2026-04-29","Internshala","Work from home"
"Social Media Marketing","3SVK","https://internshala.com/internship/detail/work-from-home-part-time-social-media-marketing-internship-at-3svk1777348096","","Internship","Remote","Stipend: ₹ 2,000 lump sum | ","","2026-04-29","Internshala","Work from home"
"Interior Design","Saarva IT And Digital Services LLPActively hiring","https://internshala.com/internship/detail/work-from-home-interior-design-internship-at-saarva-it-and-digital-services-llp1777371733","","Internship","Remote","Stipend: ₹ 5,000 - 7,000 /month | ","","2026-04-29","Internshala","Work from home"
"Video Editing/Making","Baweja MediaActively hiring","https://internshala.com/internship/detail/work-from-home-video-editing-making-internship-at-baweja-media1777373354","","Internship","Remote","Stipend: ₹ 6,000 /month | ","","2026-04-29","Internshala","Work from home"
"AI Video Editor Intern","Orange TechnologiesActively hiring","https://internshala.com/internship/detail/work-from-home-ai-video-editor-intern-internship-at-orange-technologies1777355135","","Internship","Remote","Stipend: ₹ 11,000 - 22,000 /month | ","","2026-04-29","Internshala","Work from home"
"HR Executive Trainee","Humanhire CorpActively hiring","https://internshala.com/internship/detail/hr-executive-trainee-internship-in-jaipur-at-humanhire-corp1777297171","","Internship","Not Specified","Stipend: ₹ 5,000 - 7,500 /month | ","","2026-04-29","Internshala","Jaipur"
"Campaign Management","Grath EntertainmentActively hiring","https://internshala.com/internship/detail/campaign-management-internship-in-mumbai-at-grath-entertainment1777373200","","Internship","Not Specified","Stipend: ₹ 13,000 - 17,000 /month | ","","2026-04-29","Internshala","Mumbai"
"Human Resources (HR)","Galaxy Office Automation Private LimitedActively hiring","https://internshala.com/internship/detail/human-resources-hr-internship-in-mumbai-at-galaxy-office-automation-private-limited1777355136","","Internship","Not Specified","Stipend: ₹ 5,000 - 10,000 /month | ","","2026-04-29","Internshala","Mumbai"
"Social Media Marketing","Splayndid Solutions Private LimitedActively hiring","https://internshala.com/internship/detail/social-media-marketing-internship-in-pune-at-sandeep-shinde1777271999","","Internship","Hybrid","Stipend: ₹ 10,000 - 15,000 /month | ","","2026-04-29","Internshala","Pune(Hybrid)"
"International Business Development (Female)","Samriddh Nutractive Lvt LimitedActively hiring","https://internshala.com/internship/detail/international-business-development-female-internship-in-hyderabad-at-samriddh-nutractive-lvt-limited1777355126","","Internship","Not Specified","Stipend: ₹ 8,000 - 15,000 /month | ","","2026-04-29","Internshala","Hyderabad"
"Field Sales","Tara's Doll House Pvt.Ltd.Actively hiring","https://internshala.com/internship/detail/field-sales-internship-in-bangalore-at-taras-doll-house-pvtltd1777369895","","Internship","Not Specified","Stipend: ₹ 8,000 - 12,000 /month | ","","2026-04-29","Internshala","Bangalore"
"Video Editing/Making","Media TribeActively hiring","https://internshala.com/internship/detail/video-editing-making-internship-in-jaipur-at-media-tribe1777183244","","Internship","Not Specified","Stipend: ₹ 5,000 - 8,000 /month | ","","2026-04-29","Internshala","Jaipur"
"Videographer & Video Editor","LeadNexus LLPActively hiring","https://internshala.com/internship/detail/videographer-video-editor-internship-in-pune-at-leadnexus-llp1777296839","","Internship","Not Specified","Stipend: ₹ 10,000 /month | ","","2026-04-29","Internshala","Pune"
"Inside Sales - Pune","YES GermanyActively hiring","https://internshala.com/internship/detail/inside-sales-pune-internship-in-multiple-locations-at-yes-germany1777275037","","Internship","Not Specified","Stipend: ₹ 7,000 - 12,000 /month | ","","2026-04-29","Internshala","Pune, Balewadi"
"Hindi - Subject Matter Expert (SME)","Arihant PublicationsActively hiring","https://internshala.com/internship/detail/hindi-subject-matter-expert-sme-internship-in-multiple-locations-at-arihant-publications1777356413","","Internship","Not Specified","Stipend: ₹ 10,000 - 12,000 /month | ","","2026-04-29","Internshala","Delhi, Ghaziabad, Noida"
"Creative/Production/Marketing","Red Chillies EntertainmentsActively hiring","https://internshala.com/internship/detail/creative-production-marketing-internship-in-mumbai-at-red-chillies-entertainments1777003492","","Internship","Not Specified","Stipend: ₹ 10,000 - 15,000 /month | ","","2026-04-29","Internshala","Mumbai"
"Marketing","W&D Lifestyle Private Limited","https://internshala.com/internship/detail/part-time-marketing-internship-in-multiple-locations-at-malpani-group1776953149","","Internship","Hybrid","Stipend: ₹ 10,000 - 15,000 /month | ","","2026-04-29","Internshala","Pune, Mumbai(Hybrid)"
"CRM-Possession Executive","TATA Realty And Infrastructure Limited","https://internshala.com/internship/detail/crm-possession-executive-internship-in-bahadurgarh-at-tata-realty-and-infrastructure-limited1776951148","","Internship","Not Specified","Stipend: ₹ 15,000 - 25,000 /month | ","","2026-04-29","Internshala","Bahadurgarh"
"Human Resources (HR)","Job Mantra","https://internshala.com/internship/detail/human-resources-hr-internship-in-patna-at-job-mantra1776927252","","Internship","Not Specified","Stipend: ₹ 7,500 - 30,000 /month | ","","2026-04-29","Internshala","Patna"
"Content Acquisition","Hungama Digital Media Entertainment Private LimitedActively hiring","https://internshala.com/internship/detail/content-acquisition-internship-in-mumbai-at-hungama-digital-media-entertainment-private-limited1776929381","","Internship","Not Specified","Stipend: ₹ 5,000 /month | ","","2026-04-29","Internshala","Mumbai"
"Content Writing","Hungama Digital Media Entertainment Private LimitedActively hiring","https://internshala.com/internship/detail/content-writing-internship-in-mumbai-at-hungama-digital-media-entertainment-private-limited1776928742","","Internship","Hybrid","Stipend: ₹ 5,000 /month | ","","2026-04-29","Internshala","Mumbai(Hybrid)"
"Finance & Accounting","MJSN & Co LLPActively hiring","https://internshala.com/internship/detail/finance-accounting-internship-in-gurgaon-at-mjsn-co-llp1776928032","","Internship","Not Specified","Stipend: ₹ 8,000 - 12,000 /month | ","","2026-04-29","Internshala","Gurgaon"
"Car Expert","Cars24 Services Private LimitedActively hiring","https://internshala.com/internship/detail/car-expert-internship-in-multiple-locations-at-cars24-services-private-limited1776852805","","Internship","Not Specified","Stipend: ₹ 10,000 - 15,000 /month | ","","2026-04-29","Internshala","Gurgaon, Noida"
"Outreach: Mangrove Conservation Project, WWF-India, MSO","WWF-IndiaActively hiring","https://internshala.com/internship/detail/outreach-mangrove-conservation-project-wwf-india-mso-internship-in-multiple-locations-at-wwf-india1776852549","","Internship","Hybrid","Stipend: ₹ 8,000 - 10,000 /month | ","","2026-04-29","Internshala","Thane, Navi Mumbai, Mumbai(Hybrid)"
"Research - Mangrove Conservation Project, WWF-India, MSO","WWF-IndiaActively hiring","https://internshala.com/internship/detail/research-mangrove-conservation-project-wwf-india-mso-internship-in-multiple-locations-at-wwf-india1776851261","","Internship","Hybrid","Stipend: ₹ 8,000 - 10,000 /month | ","","2026-04-29","Internshala","Palghar, Thane, Navi Mumbai, Mumbai(Hybrid)"
"Social Media Marketing","Anshuman Tours And Travel","https://internshala.com/internship/detail/part-time-social-media-marketing-internship-in-multiple-locations-at-anshuman-tours-and-travel1776848182","","Internship","Not Specified","Stipend: ₹ 8,000 - 15,000 /month | ","","2026-04-29","Internshala","Ghaziabad, Greater Noida, Noida"
"Mechanical Engineering","Spacewood Furnishers Pvt Ltd","https://internshala.com/internship/detail/mechanical-engineering-internship-in-nagpur-at-spacewood-furnishers-pvt-ltd1776847953","","Internship","Not Specified","Stipend: ₹ 16,500 - 20,500 /month | ","","2026-04-29","Internshala","Nagpur"
"Business Strategy","Foundit India (formerly Monster APAC & ME)","https://internshala.com/internship/detail/business-strategy-internship-in-noida-at-foundit-india-formerly-monster-apac-me1776839762","","Internship","Not Specified","Stipend: ₹ 15,000 - 20,000 /month | ","","2026-04-29","Internshala","Noida"
"E-Commerce Listing","JADES","https://internshala.com/internship/detail/e-commerce-listing-internship-in-mumbai-at-jades1776835149","","Internship","Not Specified","Stipend: ₹ 6,000 - 8,000 /month | ","","2026-04-29","Internshala","Mumbai"
"Business Development (Sales)","Stellar Innovations Private Limited","https://internshala.com/internship/detail/business-development-sales-internship-in-bangalore-at-stellar-innovations-private-limited1776831930","","Internship","Not Specified","Stipend: ₹ 10,000 /month | ","","2026-04-29","Internshala","Bangalore"
"Computer Science (AI) - Subject Matter Expert (SME)","Arihant PublicationsActively hiring","https://internshala.com/internship/detail/computer-science-ai-subject-matter-expert-sme-internship-in-multiple-locations-at-arihant-publications1776830747","","Internship","Not Specified","Stipend: ₹ 10,000 - 12,000 /month | ","","2026-04-29","Internshala","Ghaziabad, Greater Noida, Noida"
"English - Subject Matter Expert (SME)","Arihant PublicationsActively hiring","https://internshala.com/internship/detail/english-subject-matter-expert-sme-internship-in-multiple-locations-at-arihant-publications1776830532","","Internship","Not Specified","Stipend: ₹ 10,000 - 12,000 /month | ","","2026-04-29","Internshala","Delhi, Ghaziabad, Noida"
"Social Studies - Subject Matter Expert (SME)","Arihant PublicationsActively hiring","https://internshala.com/internship/detail/social-studies-subject-matter-expert-sme-internship-in-multiple-locations-at-arihant-publications1776830507","","Internship","Not Specified","Stipend: ₹ 10,000 - 12,000 /month | ","","2026-04-29","Internshala","Delhi, Ghaziabad, Noida"
"Science - Subject Matter Expert (SME)","Arihant PublicationsActively hiring","https://internshala.com/internship/detail/science-subject-matter-expert-sme-internship-in-multiple-locations-at-arihant-publications1776830483","","Internship","Not Specified","Stipend: ₹ 8,000 - 12,000 /month | ","","2026-04-29","Internshala","Delhi, Ghaziabad, Noida"
"Maths - Subject Matter Expert (SME)","Arihant PublicationsActively hiring","https://internshala.com/internship/detail/maths-subject-matter-expert-sme-internship-in-multiple-locations-at-arihant-publications1776830453","","Internship","Not Specified","Stipend: ₹ 10,000 - 12,000 /month | ","","2026-04-29","Internshala","Delhi, Ghaziabad, Noida"
"Fresher","The Backpacker Co","https://internshala.com/job/detail/fresher-fresher-job-in-maharashtra-at-the-backpacker-co1776990871","","Not Specified","Not Specified","","","2026-04-29","Internshala","Maharashtra"
"Associate Full Stack Developer","Mechlar TechnologyActively hiring","https://internshala.com/job/detail/fresher-associate-full-stack-developer-job-in-lucknow-at-mechlar-technology1777369854","","Not Specified","Not Specified","","","2026-04-29","Internshala","Lucknow"
"ServiceNow Functional Analyst","Deloitte","https://unstop.com/o/jobs/servicenow-functional-analyst-deloitte-1681341","","Not Specified","Not Specified","","","2026-04-29","Unstop","India"
"Social Escalations Associate","Paytm","https://unstop.com/o/jobs/social-escalations-associate-paytm-1681316","","Not Specified","Not Specified","","","2026-04-29","Unstop","India"
"Design Engineer","Agco","https://unstop.com/o/jobs/design-engineer-cad-agco-1681342","","Not Specified","Not Specified","","","2026-04-29","Unstop","India"
"HR Executive","DMart","https://unstop.com/o/jobs/hr-executive-dmart-1681308","","Not Specified","Not Specified","","","2026-04-29","Unstop","India"
"Human Resources Associate","Marriott International","https://unstop.com/o/jobs/human-resources-associate-marriott-international-1681306","","Not Specified","Not Specified","","","2026-04-29","Unstop","India"
"Accounts Executive","DMart","https://unstop.com/o/jobs/accounts-executive-dmart-1681302","","Not Specified","Not Specified","","","2026-04-29","Unstop","India"
"QA Associate","Argano","https://unstop.com/o/jobs/qa-associate-argano-1681298","","Not Specified","Not Specified","","","2026-04-29","Unstop","India"
"Customer Care Executive","eClerx","https://unstop.com/o/jobs/analyst-eclerx-1681305","","Not Specified","Not Specified","","","2026-04-29","Unstop","India"
"Business Technology Analyst","Deloitte","https://unstop.com/o/jobs/business-technology-analyst-australia-tax-data-analyst-deloitte-1681319","","Not Specified","Not Specified","","","2026-04-29","Unstop","India"
"Procurement Analyst","Deloitte","https://unstop.com/o/jobs/analyst-procurement-ccoe-deloitte-1681317","","Not Specified","Not Specified","","","2026-04-29","Unstop","India"
"Operations Internship","Resillion","https://unstop.com/o/internships/operations-intern-resillion-1681295","","Internship","Not Specified","","","2026-04-29","Unstop","India"
"Sales Development Representative Internship","StepsAI","https://unstop.com/o/internships/sales-development-representative-stepsai-1681347","","Internship","Not Specified","","","2026-04-29","Unstop","India"
"Strategic Assistant Internship","Rambhau Mhalgi Prabodhini, Pune","https://unstop.com/o/internships/strategic-assistant-rambhau-mhalgi-prabodhini-pune-1681337","","Internship","Not Specified","","","2026-04-29","Unstop","India"
"Campus Influencer Internship","TechBairn Research","https://unstop.com/o/internships/campus-influencer-internship-techbairn-research-1681318","","Internship","Not Specified","","","2026-04-29","Unstop","India"
"Student Outreach Internship","TechBairn","https://unstop.com/o/internships/student-outreach-internship-techbairn-techbairn-1681288","","Internship","Not Specified","","","2026-04-29","Unstop","India"
"Front End Developer Internship","Ganitwala","https://unstop.com/o/internships/front-end-developer-ganitwala-1681307","","Internship","Not Specified","","","2026-04-29","Unstop","India"
"Business Research Internship","SyncGaze Private Limited","https://unstop.com/o/internships/business-research-internship-syncgaze-private-limited-1681309","","Internship","Not Specified","","","2026-04-29","Unstop","India"
"Campus Ambassador Internship","MySuperBrain","https://unstop.com/o/internships/summer-camp-intern-lab-support-mysuperbrain-1681300","","Internship","Not Specified","","","2026-04-29","Unstop","India"
"Social Media Marketing Internship","PingMentor","https://unstop.com/o/internships/social-media-marketing-intern-unpaid-high-ownership-real-growth-pingmentor-1681293","","Internship","Not Specified","","","2026-04-29","Unstop","India"
"Content & Social Media Internship","Kreator Directory","https://unstop.com/o/internships/content-social-media-intern-kreator-directory-1681284","","Internship","Not Specified","","","2026-04-29","Unstop","India"
